user_id,item_id,rating,timestamp
13,526,3,882141053
94,789,4,891720887
13,836,2,882139746
13,360,4,882140926
83,576,4,880308755
193,96,1,889124507
13,198,3,881515193
13,56,5,881515011
94,1224,3,891722802
13,186,4,890704999
281,338,2,881200457
94,720,1,891723593
109,8,3,880572642
13,864,4,882141924
306,235,4,876504354
83,660,4,880308256
94,572,3,891723883
58,9,4,884304328
292,9,4,881104148
13,72,4,882141727
13,181,5,882140354
83,385,4,887665549
109,402,4,880581344
109,97,3,880578711
83,97,4,880308690
94,792,4,885873006
94,24,4,885873423
58,173,5,884305353
141,258,5,884584338
94,651,5,891725332
199,268,5,883782509
94,471,4,891721642
13,121,5,882397503
94,218,3,891721851
193,627,4,889126972
109,258,5,880562908
83,82,5,887665423
13,66,3,882141485
306,14,5,876503995
83,301,2,891181430
109,588,4,880578388
73,56,4,888626041
109,627,5,880582133
13,331,3,881515457
58,100,5,884304553
199,258,4,883782403
58,268,5,884304288
36,307,4,882157227
83,338,4,883868647
94,9,5,885872684
13,14,4,884538727
73,357,5,888626007
306,864,3,876504286
13,289,2,882140759
13,97,4,882399357
13,338,1,882140740
109,31,4,880577844
58,284,4,884304519
13,570,5,882397581
109,100,4,880563080
13,685,5,882397582
193,554,3,889126088
94,186,4,891722278
292,86,4,881105778
292,276,5,881103915
94,157,5,891725332
73,588,2,888625754
13,314,1,884538485
13,226,4,882397651
94,235,4,891722980
237,100,5,879376381
143,331,5,888407622
211,526,4,879459952
208,204,3,883108360
73,12,5,888624976
109,218,4,880578633
292,132,4,881105340
83,186,4,880308601
292,100,5,881103999
13,42,4,882141393
13,29,2,882397833
336,66,3,877756126
109,230,5,880579107
211,181,1,879461498
13,2,3,882397650
94,742,3,891722214
306,319,4,876503793
109,796,3,880582856
13,64,5,882140037
58,42,4,884304936
193,393,4,889126808
36,319,2,882157356
13,319,4,882139327
94,402,4,891723261
94,738,2,891723558
94,655,4,891720862
109,42,1,880572756
73,196,4,888626177
94,385,2,891721975
94,393,3,891721684
73,7,4,888625956
94,153,5,891725333
13,208,5,882140624
141,472,5,884585274
109,357,2,880572528
58,8,4,884304955
94,203,5,885870577
13,318,3,882139686
94,232,3,891721584
193,117,4,889125913
109,69,4,880572561
193,268,3,889122906
13,452,3,882397039
292,124,4,881104147
109,742,5,880564457
83,323,4,883868420
94,31,4,891721286
306,100,4,876504286
94,562,3,891721494
193,276,4,890860319
109,9,3,880564607
109,117,5,880564457
336,864,1,877757837
94,64,5,885870362
13,232,3,890704999
237,153,3,879376698
94,472,3,891723707
109,204,4,880577844
199,322,2,883782636
375,44,3,886622131
109,200,2,880577734
359,250,4,886453354
109,931,2,880572407
336,117,3,877760603
58,204,4,884304701
109,96,5,880572614
292,226,4,881105281
73,507,3,888625857
58,182,4,884304701
94,258,5,891724044
94,483,5,885870115
13,854,1,882396914
281,538,4,881200520
109,322,2,880562908
83,720,4,880308578
359,751,4,886453467
336,208,2,877757930
109,472,2,880571715
13,720,4,882397974
13,887,5,882140867
13,269,2,889292060
292,628,3,881105123
13,124,5,884538663
292,855,5,881105373
109,393,4,880579237
94,588,4,885873006
73,100,4,888626120
386,121,3,877655145
13,153,4,882139901
109,423,4,880577514
141,471,4,884585039
13,301,1,882140718
336,1047,4,877757063
13,597,3,882397650
193,2,3,890860198
13,705,5,884538766
94,68,4,891722432
94,576,2,891723593
193,258,3,889123038
141,546,4,884585470
13,100,5,882140166
336,742,3,877759928
292,173,5,881103631
94,921,5,891725332
94,100,5,885872942
94,82,4,891721777
141,864,3,884585128
397,7,5,885349913
211,357,2,879460172
13,230,3,882397503
199,117,3,883782879
336,655,3,877757752
109,559,3,880579709
83,452,3,880309214
94,685,4,891722382
94,650,5,885870612
36,269,3,882157258
237,423,4,879376487
292,56,5,881105373
292,423,5,881105625
58,64,5,884305295
336,276,4,877760310
292,285,4,881103896
94,96,3,885872942
109,68,3,880582469
109,196,4,880578358
199,276,4,883782879
141,117,4,884584929
13,546,3,882397741
13,436,2,882396869
13,290,4,882141814
208,523,4,883108360
109,172,5,880572528
364,289,3,875931432
336,738,1,877757343
397,194,3,885349348
58,546,2,892242190
193,553,4,889126272
292,194,4,881105442
13,196,4,882140552
395,172,5,883763041
109,318,4,880572680
94,546,3,891723296
336,67,4,877756966
58,228,5,884305271
83,117,5,880307000
199,285,4,883782879
83,181,4,880306786
336,232,3,877757023
13,472,5,882398327
58,490,4,884304896
193,29,3,889126055
13,588,4,882398763
83,685,4,880306951
13,276,5,882140104
36,268,2,882157418
208,56,2,883108360
359,117,4,886453305
94,217,4,891722646
193,301,4,889123257
13,173,2,882139863
94,12,4,886008625
83,423,4,880308329
13,483,5,882139774
58,69,1,884663351
13,423,5,882398814
306,269,5,876503792
13,482,5,882140355
336,1054,1,877754876
13,268,4,881514810
13,402,4,886303934
336,1017,5,877757063
193,259,2,889123351
58,483,5,884305220
73,81,5,888626415
281,258,2,881200457
58,198,3,884305123
109,157,4,880577961
58,318,3,884305087
397,56,5,882839517
359,24,3,886453354
193,1406,4,889123926
386,546,2,877655195
13,217,1,882396955
94,135,4,885870231
13,651,5,882140070
13,24,1,882397741
109,121,5,880571741
109,7,4,880563080
336,124,1,877760244
193,100,5,889124127
281,322,4,881200789
208,402,4,883108873
199,259,1,883782583
13,385,3,882397502
386,7,3,877655028
73,318,4,888625934
395,121,3,883765731
141,322,4,884584426
336,153,5,877757669
208,208,4,883108360
292,705,4,881105374
13,333,3,881514810
94,17,2,891721494
193,56,1,889125572
109,546,3,880571979
13,449,4,882398385
193,307,4,889123316
431,538,4,881127620
13,787,3,882141582
83,471,3,891182000
375,218,3,886622024
13,477,4,882398934
208,367,2,883108324
94,696,4,891724381
292,135,4,881105701
455,135,5,879111248
73,518,5,888625835
211,228,3,879460096
211,69,3,879460213
395,64,5,883763958
193,194,4,889125006
141,290,1,884584817
457,182,4,882396659
397,117,3,885349610
73,173,5,888625292
58,194,3,884304747
397,322,1,875063613
455,293,4,879109110
364,269,4,875931309
208,186,4,883108518
94,8,5,885873653
397,705,5,885350045
13,258,4,882139327
336,926,1,877758935
109,67,5,880580719
109,173,5,880572786
83,597,2,891182270
94,7,4,885873089
73,135,5,888626371
468,926,2,875280331
431,323,3,877844559
83,64,5,887665422
94,318,5,891721191
457,720,3,882550925
13,538,1,884538448
73,650,3,888626152
457,385,4,882392950
109,179,4,880577961
13,329,2,886952246
455,738,3,879112238
83,2,4,881971771
109,231,3,880582976
457,285,5,882393648
13,96,4,882140104
395,338,4,883762733
13,559,1,882396913
455,56,5,879110844
397,338,4,882839517
457,546,2,882393860
73,269,4,888792172
455,531,3,879111291
208,97,4,883108797
13,478,4,884538571
292,153,4,881105587
292,7,3,881104068
468,1008,4,875283843
292,24,4,881104481
83,66,4,880307898
359,7,5,886453325
141,235,1,884585437
237,705,3,879376487
143,333,5,888407708
13,523,4,882141306
468,69,4,875291570
431,322,4,877844559
83,717,4,880307339
83,846,3,891181639
58,124,5,884304483
457,12,5,882397666
455,597,3,879110123
141,121,4,884585071
468,742,3,875280310
281,333,3,881200457
336,1037,1,877757550
468,507,5,875295412
193,269,4,889123086
457,228,5,882392853
336,121,4,877760441
468,31,3,875287615
455,196,4,879111737
457,471,4,882393421
455,173,4,879111937
109,763,2,880571715
457,699,4,882548615
457,597,3,882393908
237,357,4,879376327
457,436,4,882547619
415,56,5,879439865
237,179,4,879376641
83,732,4,880308390
13,200,3,882140552
292,250,3,881104679
455,323,3,878585277
495,153,5,888633165
211,9,3,879460172
375,939,3,886622024
109,323,3,880562908
336,732,3,877756356
141,259,1,886447904
495,478,4,888632443
193,402,3,889126375
336,796,3,877758035
141,7,5,884584981
193,562,3,889126055
455,2,4,879111786
83,204,5,880307922
457,742,4,882393306
94,179,5,885870577
397,483,5,885349715
495,230,5,888632969
431,307,3,879038461
13,855,4,882140130
415,641,3,879439960
292,523,4,881105561
83,69,4,887665549
457,66,4,882547694
83,233,4,887665549
208,194,5,883108360
13,796,3,886304188
468,249,3,875280310
193,82,2,889125880
395,231,4,883764456
468,258,4,875279126
13,529,4,882140206
109,181,5,880563471
94,763,3,891722006
94,268,4,891724925
495,56,5,888632574
455,204,4,879111249
468,285,4,875280104
457,258,5,882392853
495,200,5,888637768
292,482,5,881103606
109,29,3,880582783
193,72,2,889127301
13,554,2,882397833
495,235,5,888636603
292,607,4,881105625
495,68,5,888634987
495,44,3,888636032
94,66,2,891721889
94,56,5,891725331
495,172,5,888632378
83,322,3,889681216
397,588,4,885349528
455,529,3,879111737
495,29,2,888636573
457,54,4,882549322
13,357,3,881515411
143,323,3,888407656
495,217,5,888637768
83,249,2,887664680
13,553,2,882399419
58,172,5,884305241
109,64,2,880572560
455,31,4,879111937
457,157,5,882553112
535,789,2,879618613
535,836,5,879617746
336,56,4,877757601
534,1047,4,877808361
468,132,5,875292134
83,121,4,880306951
94,97,4,891721317
109,452,2,880583753
73,289,2,888792410
13,292,5,882140867
457,529,4,882397763
457,64,5,882396868
535,285,4,879619144
58,732,3,884305321
83,1047,2,891182319
36,289,2,882157356
386,117,5,877655028
457,96,5,882553113
36,333,4,882157227
545,554,3,879899497
535,8,4,879618288
237,9,4,879376730
545,132,4,884134519
457,232,4,882397666
359,472,4,886453402
534,926,4,877807780
534,117,5,877807973
455,97,5,879112436
73,64,5,888625042
457,717,3,882395894
535,182,3,879617574
468,182,5,875292320
535,181,4,879617818
141,333,5,887424639
109,449,5,880581987
455,318,3,879111528
535,607,5,879618700
13,68,3,882397741
495,69,3,888632070
535,203,3,879619035
457,218,4,882547554
94,204,4,891721317
94,143,4,891722609
545,228,5,879899266
455,228,4,879111153
94,732,3,891721216
468,8,4,875288196
94,864,2,891723397
386,685,4,877655085
211,423,5,879459846
83,546,4,887665549
109,12,4,880577542
193,763,3,889127457
359,546,3,886453373
457,651,5,882396799
457,483,5,882396705
545,472,5,879899266
545,226,3,879899438
457,172,5,882553113
457,31,4,882397543
495,507,4,888633316
336,100,3,877756934
455,402,4,879112356
141,292,1,884584906
534,24,5,877807780
211,491,3,879459876
545,54,4,884134519
457,230,4,882392853
455,24,3,879111662
457,143,5,882548099
199,100,3,883782807
73,179,5,888626041
468,293,5,875280395
495,742,5,888632888
211,230,3,879460294
535,42,3,879618849
141,926,4,884585300
359,121,4,886453373
455,42,2,879110767
415,269,4,879439108
386,24,4,877655028
457,132,5,882547619
13,117,3,882398138
292,235,3,881104797
336,290,3,877756934
13,12,5,881515011
457,44,4,882548214
13,518,4,882140252
13,851,5,882139966
13,233,4,882397650
364,319,3,875931309
94,200,4,891721414
457,934,3,882396092
83,196,5,880307996
468,181,3,875280041
336,186,4,877757730
495,650,5,888634956
193,742,4,889126673
535,521,5,879618809
535,423,5,879618613
13,7,2,882396790
13,792,5,882139686
141,293,2,884584735
109,597,2,880571715
83,477,2,887665798
199,7,4,883782854
545,68,4,879899266
468,357,5,875294549
457,507,4,882397059
94,132,4,891720862
109,628,2,880564640
58,269,4,884304267
545,231,4,879899472
455,939,4,879111454
535,172,3,879617747
545,680,2,879898486
457,186,5,882397575
535,338,3,879617098
13,565,1,882397040
535,97,4,879618880
610,751,4,888702795
281,331,3,881200491
94,597,2,891723078
535,357,2,879617531
94,230,2,891723124
457,56,4,882396868
534,290,4,877807845
94,432,4,885873089
615,87,4,879448780
495,357,5,888633277
455,627,3,879111705
457,357,5,882396735
336,763,3,877756890
13,732,5,882141617
615,259,1,879447642
627,699,1,879530263
395,181,5,883764336
457,531,5,882392906
457,100,5,882393244
141,284,5,884585071
94,29,2,891723883
457,8,5,882397734
627,179,5,879530536
109,531,4,880578066
610,483,5,888702859
615,289,2,879447670
109,82,5,880572680
94,173,4,885872758
545,217,5,879899934
73,153,3,888626007
535,204,5,879617856
336,284,4,877759833
545,69,4,884133906
534,628,5,877807747
534,471,5,877807935
615,179,4,879447968
455,301,2,879110767
109,233,4,880578502
535,478,5,879617931
397,135,5,885349825
141,323,4,884584480
468,423,4,875296868
535,121,4,879618123
495,2,2,888635595
141,250,4,884585128
615,660,4,879448882
457,173,5,882395049
627,97,2,879529958
457,86,3,882397455
457,554,4,882549682
495,705,4,888634111
13,747,4,882140624
13,194,5,882141458
534,322,4,877807461
13,846,2,882141997
455,87,3,879110905
535,44,4,879619035
13,763,1,882141458
534,742,5,877807653
94,54,4,891722432
94,518,5,891720950
457,747,4,882397787
457,655,5,882397879
395,97,5,883763800
545,208,3,879899619
397,423,5,885349999
13,204,5,882140318
535,269,4,879617063
415,323,2,879439205
627,157,4,879530110
109,72,5,880577892
468,173,5,875295093
627,720,2,879531397
455,100,4,878585826
545,135,4,884134060
58,12,5,884304895
455,518,4,879111318
468,56,5,875286450
455,628,4,879109692
632,96,5,879457902
13,17,1,882396954
468,200,4,875292319
615,69,4,879448632
610,402,5,888704000
457,553,5,882396314
94,81,4,885870577
336,42,5,877757669
660,82,2,891200491
495,54,5,888637768
610,97,3,888703453
13,471,1,882140455
397,641,5,885349999
415,322,4,879439205
397,100,5,882839517
627,172,3,879531196
660,96,3,891200430
495,452,2,888637070
627,685,3,879531351
109,542,3,880582045
375,233,4,886621985
660,926,2,891201587
13,179,2,882140206
58,651,4,884305185
58,135,4,884305150
632,172,5,879457157
545,181,5,879898644
610,143,5,888703290
660,97,3,891200406
545,196,4,884133859
13,86,1,881515348
615,194,5,879449164
193,69,5,889125287
495,228,5,888632738
495,64,5,888632496
632,97,4,879458856
632,68,1,879459394
455,471,4,879109692
457,181,4,882393384
109,17,4,880582132
535,483,5,879618742
627,182,4,879529916
660,546,2,891198588
660,17,1,891265453
535,921,4,879617489
535,173,5,879617747
545,17,3,879899472
58,249,4,892242272
457,402,4,882548583
468,157,4,875294741
660,432,4,891199104
109,186,3,880572786
199,323,3,883782655
627,732,3,879530568
627,117,3,879531248
660,249,2,891198109
94,250,4,891724257
457,200,5,882396799
58,655,5,884304865
660,7,3,891198203
94,196,4,891721462
627,86,3,879530263
495,157,5,888635294
395,196,4,883764378
610,331,3,888702764
660,402,3,891201380
13,367,3,882141458
457,1037,2,882551818
660,24,3,891198277
281,301,3,881200643
615,529,5,879448036
660,846,2,891198174
193,218,4,889126705
535,56,3,879617613
397,611,5,885349562
455,9,4,878585685
13,650,2,882140425
457,452,3,882551228
455,423,5,879111862
208,86,2,883108895
660,2,2,891201151
610,12,5,888703157
535,166,4,879618385
359,268,4,886453490
610,56,3,888703213
610,7,2,888703137
336,204,5,877757601
545,182,3,883115423
457,117,4,882393457
457,203,4,882397133
627,939,3,879530264
397,855,4,885349476
455,64,4,879111500
457,231,4,882549998
457,792,4,882548312
627,69,3,879529855
495,143,1,888634315
94,228,4,891720996
457,732,4,882548426
632,186,5,879459738
535,153,4,879617663
632,483,5,879459738
109,81,2,880580030
468,655,5,875294464
632,655,3,879457641
627,258,4,879529339
632,81,5,879458834
495,423,5,888633522
615,518,4,879448632
141,1047,4,884585220
495,402,3,888635050
193,153,4,889125629
534,763,4,877808361
610,699,2,888703507
495,660,3,888635144
627,546,3,879531429
386,323,4,877655085
13,655,5,886261387
94,72,3,891723220
535,655,4,879618385
83,319,1,886532955
455,69,4,879111937
208,66,4,883108477
83,393,5,887665423
13,231,3,882397582
455,17,3,879111862
457,559,4,882398054
627,284,2,879530306
455,934,3,879110260
13,157,3,882140552
545,491,3,884134035
13,789,5,882140389
660,132,3,891199683
545,393,4,879900891
141,597,4,884585071
83,864,4,883954588
545,97,3,879901865
632,357,4,879456844
83,235,1,883867920
627,121,3,879531397
660,153,4,891200388
545,258,3,879898617
660,357,2,891200014
455,747,4,879111422
455,12,3,879111123
457,931,2,882395916
73,268,3,888625754
632,423,4,879459003
141,100,4,884584688
457,588,5,882397411
660,559,2,891201069
415,432,4,879439610
615,526,4,879448735
83,56,1,886534501
13,87,5,882398814
455,276,4,879109594
83,259,2,883869199
632,181,5,879457016
457,235,3,882395894
660,228,3,891200193
545,742,4,880347813
457,472,4,882395768
632,402,3,879458725
627,226,1,879531397
13,576,3,882398076
455,7,4,879111213
13,572,2,882398255
73,660,4,888625754
660,67,1,891201859
58,181,3,884304447
534,121,4,877808002
94,121,2,891721815
632,705,5,879459738
545,230,5,879899327
495,186,5,888633277
94,436,5,891721815
495,231,3,888635294
141,717,4,884585470
610,477,2,888703475
627,554,2,879531557
627,597,3,879531557
602,181,5,888638547
292,491,4,881105318
610,117,4,888704000
468,121,4,875280628
58,367,5,892243053
359,323,3,886453431
632,17,3,879459573
94,194,4,885870284
397,172,5,885350381
211,64,3,879460213
660,483,4,891199804
660,542,2,891201887
455,217,4,879112320
13,67,1,882141686
495,385,3,888633042
455,292,3,879108751
674,117,5,887762861
545,82,4,879899266
457,14,4,882393457
13,82,2,882397503
610,153,5,888703766
545,96,5,879899233
495,523,5,888632155
455,96,4,879111616
610,705,3,888703710
397,751,3,885349348
660,56,1,891265453
94,553,3,891722511
627,196,5,879530172
535,87,5,879618965
109,732,3,880572588
615,319,4,879447585
336,546,3,877760310
615,523,5,879448735
627,318,5,879529701
495,732,4,888634070
395,472,3,883765965
632,56,3,879458277
495,204,4,888632155
770,477,4,875972259
495,226,4,888633011
211,705,4,879459952
770,301,4,875971703
535,14,3,879618743
632,204,4,879458277
468,172,4,875293386
455,307,4,892230486
535,628,4,879618246
109,367,3,880578121
627,562,2,879531504
94,42,4,885870577
457,9,5,882393485
545,121,5,879899299
660,117,3,891197934
660,186,3,891199781
495,181,5,888632180
535,196,4,879617894
535,482,4,879619107
660,208,4,891199201
535,9,5,879617779
468,42,4,875294549
292,96,4,881103568
457,7,4,882393278
83,31,5,880307751
615,855,4,879448088
495,472,5,888635144
141,696,4,884585498
455,393,3,879112152
73,82,2,888625754
397,181,4,885349955
495,559,4,888635180
545,29,3,880347984
534,546,4,877808120
58,153,5,884304896
281,289,3,881200704
660,68,4,891199391
455,14,3,883768822
602,9,4,888638490
627,651,4,879530109
775,258,4,891032837
656,269,3,892318343
632,588,2,879457217
627,96,3,879531196
468,100,5,875279269
545,31,4,884133988
814,565,3,885411347
495,132,4,888632916
292,2,4,881105778
457,82,5,882397494
535,284,4,879619144
660,680,2,891405088
627,423,3,879530145
292,64,5,881105373
535,194,5,879617663
660,64,3,891199035
656,322,1,892319238
602,121,4,888638434
545,173,5,879900185
615,732,4,879449211
632,432,3,879456910
545,732,4,879899619
814,100,4,885410957
770,546,4,875972699
359,181,5,886453305
457,318,5,882397337
649,323,3,891440624
632,763,3,879459304
770,181,3,875972219
468,96,5,875295148
94,181,4,885872942
660,250,4,891198174
674,763,5,887762799
199,9,5,883782853
632,276,2,879457856
627,553,3,879530967
545,751,3,883115062
13,675,5,882396955
109,54,3,880578286
814,200,4,885411204
336,628,3,877760374
468,7,3,875280214
615,792,4,879448632
656,338,3,892319359
534,235,4,877807973
495,449,5,888637768
199,14,4,883783005
610,276,4,888703766
94,477,2,885870323
770,289,5,875971655
674,685,3,887762861
615,208,4,879449130
109,655,3,880577735
141,276,1,884584817
397,680,1,875063649
468,367,4,875296868
545,588,4,879901459
656,301,3,892318648
674,323,3,887762937
13,307,2,881514684
814,559,3,885411132
109,576,3,880580663
615,423,5,879448672
632,233,3,879459441
13,507,1,882140070
455,660,4,879111454
775,269,4,891032742
13,228,4,882140389
534,477,3,877807780
468,97,5,875288503
775,331,4,891032923
867,660,4,880078723
867,196,3,880079043
627,12,4,879529819
535,319,5,879617310
94,69,3,885870057
455,289,3,892230574
545,546,3,879901281
535,64,5,879617531
660,100,3,891198063
775,307,4,891032989
415,531,5,879439684
660,29,2,891357371
803,887,5,880054671
495,173,5,888632180
867,135,5,880079065
545,204,4,879899641
13,323,3,882140848
627,521,2,879529767
292,117,4,881104606
455,8,4,879111345
457,393,3,882548583
457,97,5,882397699
545,203,4,880347831
468,699,3,875287686
13,751,5,882774081
495,121,5,888633473
455,44,3,879112678
495,86,5,888637768
397,8,4,885349913
660,290,4,891198549
457,194,5,882397058
495,796,4,888637070
13,491,4,882140166
770,7,5,875972185
770,331,3,875971703
457,204,5,882397699
83,751,3,883869440
534,331,4,877807429
495,232,5,888635202
397,318,4,885349610
545,194,3,879899677
867,318,5,880078424
867,96,5,880078656
660,491,4,891199348
468,12,4,875291902
867,258,3,880077751
468,471,3,875279269
660,385,3,891199883
457,196,5,882397763
13,531,3,882140104
336,367,3,877757910
193,121,3,889125913
386,597,3,877655145
660,230,3,891199856
632,385,4,879458649
535,699,4,879619000
814,675,3,885410957
632,82,4,879457903
545,423,4,884134114
627,100,5,879529702
627,471,3,879530463
545,117,4,879899233
13,69,4,884538766
457,226,3,882548825
627,230,4,879531397
397,268,4,889760703
627,68,4,879531429
468,153,5,875287720
468,318,5,875293386
535,198,4,879618850
395,100,4,883765155
395,186,5,883764817
610,318,5,888703378
495,179,5,888632470
468,529,3,875287686
457,628,4,882393688
193,24,2,889125880
395,423,5,883764742
143,307,4,888407622
534,333,5,877807486
660,307,3,891197503
660,135,4,891199833
535,529,3,879618655
627,2,3,879531352
545,627,3,879901504
535,507,5,879617856
770,742,4,875972927
94,172,4,885870175
534,1054,5,877807973
615,357,5,879448399
867,68,4,880079020
867,650,5,880078818
867,228,5,880078958
803,338,2,880055454
660,472,2,891198421
455,449,4,879112582
94,627,3,891722678
455,269,4,878585250
610,8,4,888702902
455,121,4,878585685
632,132,5,879459738
610,9,3,888702961
397,186,5,885349955
306,258,2,876503793
674,742,5,887762714
602,538,4,888638048
94,67,3,891723296
775,329,3,891033071
632,143,5,879459053
109,572,3,880583308
867,250,4,880078091
610,172,4,888702962
867,117,3,880079117
13,903,3,890704759
867,289,5,880077950
814,56,3,885410957
918,204,1,891987317
58,121,2,892242300
627,228,4,879531301
13,172,5,882140355
627,7,5,879531158
660,318,3,891199133
495,521,5,888632219
632,720,3,879459025
918,289,2,891988559
397,182,5,885349759
649,24,4,891440460
13,777,1,882397084
535,100,5,879617531
627,792,4,879530501
457,121,4,882393066
495,432,5,888633396
627,523,4,879529767
495,196,3,888632546
900,121,2,877832803
674,597,3,887763150
495,182,5,888632043
292,181,4,881104068
495,96,4,888634110
94,423,4,885873302
94,939,4,885873423
58,1008,1,884304609
94,208,4,891720643
415,204,4,879439865
925,218,4,884717862
534,7,4,877807780
455,124,4,879109594
867,181,5,880078050
649,471,5,891440412
900,200,2,877833632
468,82,5,875292320
867,276,1,880079020
925,56,3,884717963
918,135,1,891986634
13,393,3,882141617
900,471,2,877833259
109,226,5,880578503
535,276,3,879618965
545,232,3,883115515
13,322,3,882140792
615,135,4,879448599
602,117,5,888638674
457,284,3,882394010
455,181,4,878585826
468,135,5,875287895
925,323,4,884633287
918,179,2,891988337
364,268,3,875931309
660,231,2,891357371
900,124,4,877832837
627,289,2,879530899
674,751,3,887762398
632,64,5,879457525
281,323,3,881200789
814,218,3,885411030
632,196,3,879457064
649,181,4,891440309
193,182,4,890860290
94,357,5,891720921
918,64,4,891987025
660,742,2,891198312
535,86,4,879618385
495,82,5,888632969
674,289,2,887763151
13,235,2,882141841
455,230,3,879111291
455,82,5,879110818
455,250,3,879109966
867,186,5,880078937
199,269,5,883782458
431,269,3,877844062
649,250,3,891440356
397,289,3,885349348
615,100,3,879448693
615,97,4,879448759
918,792,3,891986904
535,471,4,879618743
415,258,4,879439135
495,67,3,888636635
770,258,5,875971568
415,483,5,879439791
535,518,5,879618569
143,322,4,888407708
918,921,4,891988029
814,17,3,885411073
535,792,4,879618655
803,269,5,880054592
656,903,2,892318777
627,233,2,879531351
457,179,4,882397963
867,651,5,880079065
13,132,4,882140002
900,284,2,877833287
455,200,5,879111092
237,483,5,879376381
674,121,4,887762881
770,14,5,875972024
109,228,5,880577604
457,135,5,882397240
141,249,2,884585386
534,717,5,877808198
627,628,4,879530501
900,186,2,877833957
535,258,5,879619286
199,751,3,883782557
457,1047,2,882395964
627,655,4,879530536
143,258,3,888407586
602,259,4,888638160
649,121,2,891440214
627,402,3,879530866
495,491,5,888632443
867,64,5,880078547
610,203,4,888703749
58,203,5,884305185
649,117,5,891440460
13,143,1,882140205
660,204,3,891200370
545,172,5,879899125
867,655,4,880078906
545,720,3,883115664
455,553,3,879111907
867,588,3,880078887
925,333,3,884717790
867,9,5,880078958
535,301,4,879617199
495,576,3,888637440
867,323,3,880077951
900,318,4,877833672
627,9,4,879530014
660,449,3,891201796
457,276,4,882393306
660,259,4,891197778
660,173,5,891199556
468,117,2,875280499
535,186,4,879618925
900,483,4,877833924
660,172,4,891199017
615,699,3,879448823
770,333,5,875971612
468,531,4,875295368
867,56,5,880078818
58,491,4,891611593
627,135,4,879529702
495,655,5,888634536
457,367,4,882396989
141,742,4,884584930
73,96,2,888626523
660,393,2,891201541
632,173,5,879458649
534,597,5,877808175
660,217,2,891200817
632,523,3,879458900
94,86,5,891720971
770,250,5,875971902
770,117,5,875971989
867,204,4,880078958
660,72,3,891201436
73,285,4,888792900
867,12,5,880078656
867,132,3,880078629
534,685,3,877807653
610,607,5,888703157
900,31,2,877833995
867,203,4,880078484
867,31,5,880078656
627,576,3,879531504
867,483,5,880078372
615,269,4,879447500
457,660,5,882396449
632,54,3,879459304
94,338,4,891725030
211,117,4,879461498
632,228,3,879457157
660,747,4,891200639
292,472,3,881104760
610,204,1,888703343
545,233,4,879899380
94,367,4,891723328
94,233,3,891722934
632,69,4,879457371
292,789,4,881105701
468,432,5,875287826
610,423,4,888703710
535,132,5,879619035
535,268,3,879617199
535,179,4,879617489
468,218,4,875294971
660,235,3,891198401
632,100,3,879457603
660,675,3,891199556
109,56,5,880577804
292,228,5,881105211
457,69,5,882396659
545,218,4,879899906
457,423,5,882397699
660,8,2,891199781
632,685,2,879459394
627,82,4,879531248
58,56,5,884305369
545,67,1,880348933
13,899,1,892015288
292,331,5,877560833
468,204,5,875287826
918,69,3,891987497
615,153,4,879449130
397,357,5,885350381
615,521,4,879448475
918,166,4,891987238
535,318,4,879618502
867,7,5,880078604
918,958,3,891988491
632,318,5,879456843
545,385,3,879899266
632,7,3,879456955
775,887,4,891032866
632,182,3,879457641
660,181,4,891197998
395,318,4,883764004
468,24,3,875280462
632,2,4,879459505
803,289,3,880055309
900,478,2,877833923
660,423,3,891199942
627,56,2,879531248
292,203,4,881105442
495,233,4,888633594
770,100,5,875971949
900,100,4,877832904
627,17,2,879531397
925,217,2,884718100
468,124,5,875280331
610,66,3,888704000
109,250,2,880563471
867,182,4,880078521
495,208,5,888632134
397,529,4,885350326
803,259,2,880054971
336,393,3,877756618
495,9,5,888632069
632,258,4,879459777
455,385,3,879111907
193,333,1,889123039
306,289,3,876503793
397,14,3,885349348
545,542,2,880348933
867,69,2,880078797
455,172,4,879112054
918,529,3,891987290
457,208,4,882396705
632,203,3,879457217
627,276,2,879530173
660,523,3,891200534
918,72,1,891988491
468,143,5,875288197
535,135,3,879617978
918,1639,5,891987571
615,14,5,879448016
660,182,2,891200213
918,196,3,891987267
770,268,5,875971568
13,9,3,882140205
94,226,2,891721238
455,258,5,878585250
918,855,5,891987497
918,153,1,891987291
803,538,4,880054834
13,218,1,882396869
918,82,3,891988521
534,276,5,877807873
495,135,3,888633011
660,87,2,891199133
281,259,3,881200789
900,117,2,877833029
867,855,5,880078604
237,64,5,879376671
918,132,4,891986904
674,292,4,887762415
13,135,5,882139541
610,135,3,888703730
545,449,2,879899497
109,385,4,880577961
13,8,4,882140001
13,285,5,882139937
208,393,4,883108398
925,559,3,884717963
632,194,4,879457712
660,179,4,891200073
867,529,5,880078863
615,72,2,879449164
58,200,3,884305295
58,7,5,884304656
306,285,4,876504354
468,226,2,875302208
900,864,2,877833000
918,143,4,891988726
660,121,2,891197954
13,182,5,882139347
627,526,4,879529916
386,181,3,877654961
455,546,3,879110767
615,86,5,879448439
627,660,4,879530463
814,7,4,885411073
775,333,4,891033022
918,86,4,891986798
94,182,5,885873089
292,483,5,881105442
615,268,4,879447642
632,367,2,879459544
814,436,3,885411073
495,218,4,888635080
397,12,4,885349790
395,258,4,883762309
918,208,3,891988002
867,198,5,880078723
94,559,4,891721777
867,423,3,880078991
632,651,5,879459738
632,12,5,879456910
94,293,4,891724044
468,44,4,875302208
674,181,4,887762603
918,42,3,891987059
660,301,3,891197661
900,9,2,877832868
770,323,5,875971612
627,385,2,879531351
803,322,2,880055043
627,518,4,879530146
918,507,5,891987363
336,173,5,877757637
495,393,5,888635339
803,307,4,880055604
918,660,4,891987752
455,523,4,879110946
455,117,3,879111345
13,166,5,884538663
900,696,2,877833195
336,72,3,877756127
660,196,4,891199557
141,181,4,884584709
468,64,5,875286450
627,64,5,879530015
292,249,3,881104820
13,432,4,882398654
468,9,5,875280041
455,259,2,884027220
627,232,3,879531302
535,7,5,879618776
918,747,3,891988705
867,172,5,880078769
925,200,2,884717963
